{
  "8bp-cpu-jaxdna-no-False-0.2": [
    8.363012528419494,
    0.03134774232734358
  ],
  "8bp-cpu-jaxdna-verlet-False-0.2": [
    8.937883591651916,
    0.021595573967956184
  ],
  "8bp-cpu-oxdna-no-False-0.2": [
    1.676926612854004,
    0.0193064237145283
  ],
  "8bp-cpu-oxdna-verlet-False-0.2": [
    1.6381848096847533,
    0.0029063383479267972
  ],
  "8bp-cuda-jaxdna-no-False-0.2": [
    12.595618057250977,
    0.06871916269674305
  ],
  "8bp-cuda-jaxdna-verlet-False-0.2": [
    13.512256360054016,
    0.0063263916230448
  ],
  "8bp-cuda-oxdna-no-False-0.2": [
    12.88437786102295,
    0.12136577109538996
  ],
  "8bp-cuda-oxdna-verlet-False-0.2": [
    NaN,
    NaN
  ],
  "500bp-cpu-oxdna-no-False-0.2": [
    102.12716138362885,
    0.301738844396285
  ],
  "500bp-cpu-oxdna-verlet-False-0.2": [
    102.43057887554168,
    0.47642733446813323
  ],
  "500bp-cuda-jaxdna-no-False-0.2": [
    120.25493197441101,
    0.7216402166432712
  ],
  "500bp-cuda-jaxdna-verlet-False-0.2": [
    19.80744140148163,
    0.058959725346937615
  ],
  "500bp-cuda-oxdna-no-False-0.2": [
    91.26781129837036,
    0.015789969323681978
  ],
  "500bp-cuda-oxdna-verlet-False-0.2": [
    12.110949826240539,
    0.02392379877293991
  ]
}