{
  "8bp-cpu-jaxdna-no-False-0.2": [
    0.3632166385650635,
    0.35935044288635254,
    0.3627464771270752,
    0.3556182384490967,
    0.3644993305206299,
    0.3571629524230957,
    0.3613283634185791,
    0.36229848861694336,
    0.3618297576904297,
    0.35719776153564453
  ],
  "8bp-cpu-jaxdna-no-True-0.2": [
    1.9671320915222168,
    1.9579200744628906,
    1.9644544124603271,
    1.9582550525665283,
    1.9590680599212646,
    1.9619290828704834,
    1.9626655578613281,
    1.9638028144836426,
    1.9604980945587158,
    1.962766408920288
  ],
  "8bp-cuda-jaxdna-no-False-0.2": [
    0.269545316696167,
    0.5017614364624023,
    0.5020389556884766,
    0.5024497509002686,
    0.5022890567779541,
    0.5026757717132568,
    0.5019538402557373,
    0.5020086765289307,
    0.5023422241210938,
    0.5028183460235596
  ],
  "8bp-cuda-jaxdna-no-True-0.2": [
    3.9919068813323975,
    4.44145655632019,
    4.4415483474731445,
    4.442128896713257,
    4.442582607269287,
    4.442396879196167,
    4.442189693450928,
    4.4420506954193115,
    4.4413323402404785,
    4.440992593765259
  ]
}