{
  "8bp-cpu-jaxdna-no-False-0.2": [
    8.569007158279419,
    0.04115833852038717
  ],
  "8bp-cpu-jaxdna-no-True-0.2": [
    55.15767025947571,
    0.1085882257065906
  ],
  "8bp-cuda-jaxdna-no-False-0.2": [
    12.259267854690552,
    0.0655057850286575
  ],
  "8bp-cuda-jaxdna-no-True-0.2": [
    122.39614727497101,
    0.14168261362312254
  ]
}