{
  "8bp-cpu-jaxdna-no-False-0.2": [
    8.680383920669556,
    8.563273668289185,
    8.526021242141724,
    8.53225588798523,
    8.565983533859253,
    8.590921878814697,
    8.572683811187744,
    8.551899433135986,
    8.55619478225708,
    8.550453424453735
  ],
  "8bp-cpu-jaxdna-no-True-0.2": [
    55.05756163597107,
    55.22437644004822,
    55.21810460090637,
    55.17037272453308,
    55.20122575759888,
    55.23594617843628,
    55.19599461555481,
    55.185678482055664,
    55.221741676330566,
    54.865700483322144
  ],
  "8bp-cuda-jaxdna-no-False-0.2": [
    12.064493894577026,
    12.28413462638855,
    12.284353256225586,
    12.285896301269531,
    12.255111455917358,
    12.281736612319946,
    12.284265041351318,
    12.283982753753662,
    12.284676313400269,
    12.28402829170227
  ],
  "8bp-cuda-jaxdna-no-True-0.2": [
    121.97542762756348,
    122.46589994430542,
    122.40458941459656,
    122.45946550369263,
    122.43874669075012,
    122.43695950508118,
    122.45733547210693,
    122.41135931015015,
    122.4659788608551,
    122.44571042060852
  ]
}