{
  "8bp-cpu-jaxdna-no-False-0.2": [
    0.3596349716186523,
    0.003447076957641501
  ],
  "8bp-cpu-jaxdna-no-True-0.2": [
    2.097698616981506,
    0.005887764611953932
  ],
  "8bp-cuda-jaxdna-no-False-0.2": [
    0.4730249881744385,
    0.0615963741906054
  ],
  "8bp-cuda-jaxdna-no-True-0.2": [
    4.814520239830017,
    0.3093826684293737
  ]
}