{
  "8bp-cpu-jaxdna-no-False-0.2": [
    8.439305543899536,
    8.387655019760132,
    8.318299531936646,
    8.355657577514648,
    8.356800079345703,
    8.356982469558716,
    8.33196234703064,
    8.374791145324707,
    8.351402521133423,
    8.357269048690796
  ],
  "8bp-cpu-jaxdna-verlet-False-0.2": [
    8.965598106384277,
    8.940797567367554,
    8.921694278717041,
    8.95777678489685,
    8.885643005371094,
    8.934977054595947,
    8.930015802383423,
    8.945810079574585,
    8.939555168151855,
    8.956968069076538
  ],
  "8bp-cpu-oxdna-no-False-0.2": [
    1.7343554496765137,
    1.6688299179077148,
    1.670759677886963,
    1.670043706893921,
    1.6713652610778809,
    1.6687920093536377,
    1.6708321571350098,
    1.676590919494629,
    1.6662523746490479,
    1.6714446544647217
  ],
  "8bp-cpu-oxdna-verlet-False-0.2": [
    1.6426756381988525,
    1.6390986442565918,
    1.6413078308105469,
    1.6347765922546387,
    1.6414780616760254,
    1.635927677154541,
    1.6396610736846924,
    1.6370313167572021,
    1.635857105255127,
    1.6340341567993164
  ],
  "8bp-cuda-jaxdna-no-False-0.2": [
    12.393337488174438,
    12.628974199295044,
    12.634169816970825,
    12.601426124572754,
    12.631306409835815,
    12.62922191619873,
    12.608878135681152,
    12.627927303314209,
    12.601798295974731,
    12.599140882492065
  ],
  "8bp-cuda-jaxdna-verlet-False-0.2": [
    13.530146360397339,
    13.512130498886108,
    13.515586137771606,
    13.508918762207031,
    13.511154174804688,
    13.509196281433105,
    13.508967876434326,
    13.509078979492188,
    13.507970094680786,
    13.509414434432983
  ],
  "8bp-cuda-oxdna-no-False-0.2": [
    13.246819734573364,
    12.845417499542236,
    12.847253799438477,
    12.837773561477661,
    12.825619220733643,
    12.85769534111023,
    12.851414203643799,
    12.830842733383179,
    12.865435600280762,
    12.835506916046143
  ],
  "8bp-cuda-oxdna-verlet-False-0.2": [
    NaN
  ],
  "500bp-cpu-oxdna-no-False-0.2": [
    102.46980118751526,
    101.80799555778503,
    102.03655791282654,
    101.80670356750488,
    102.27279949188232,
    102.75580406188965,
    101.96195602416992,
    102.31376338005066,
    102.01931476593018,
    101.82691788673401
  ],
  "500bp-cpu-oxdna-verlet-False-0.2": [
    102.31290984153748,
    102.97575902938843,
    102.03983807563782,
    102.10808634757996,
    101.98589539527893,
    101.79853343963623,
    103.21396493911743,
    102.57353496551514,
    102.21525573730469,
    103.08201098442078
  ],
  "500bp-cuda-jaxdna-no-False-0.2": [
    118.09003496170044,
    120.50112438201904,
    120.49834942817688,
    120.49209570884705,
    120.49103164672852,
    120.49144339561462,
    120.49642777442932,
    120.49399328231812,
    120.50019645690918,
    120.49462270736694
  ],
  "500bp-cuda-jaxdna-verlet-False-0.2": [
    19.78332757949829,
    19.76780891418457,
    19.943946599960327,
    19.768184423446655,
    19.768756866455078,
    19.892833948135376,
    19.80577301979065,
    19.813355207443237,
    19.760576248168945,
    19.769851207733154
  ],
  "500bp-cuda-oxdna-no-False-0.2": [
    91.28922700881958,
    91.24672412872314,
    91.27713060379028,
    91.26570057868958,
    91.29060816764832,
    91.27522230148315,
    91.27274823188782,
    91.24548006057739,
    91.26748156547546,
    91.24779033660889
  ],
  "500bp-cuda-oxdna-verlet-False-0.2": [
    12.151715517044067,
    12.137540578842163,
    12.104770421981812,
    12.108659029006958,
    12.070216655731201,
    12.139587640762329,
    12.099853277206421,
    12.085699081420898,
    12.102850914001465,
    12.108605146408081
  ]
}