{
  "8bp-cpu-jaxdna-no-False-0.2": [
    0.36229467391967773,
    0.355574369430542,
    0.36248087882995605,
    0.36141085624694824,
    0.3611025810241699,
    0.35472607612609863,
    0.3591148853302002,
    0.35578322410583496,
    0.3659377098083496,
    0.3579244613647461
  ],
  "8bp-cpu-jaxdna-no-True-0.2": [
    2.109980821609497,
    2.107182502746582,
    2.0902743339538574,
    2.0960652828216553,
    2.091965436935425,
    2.095128297805786,
    2.097625970840454,
    2.0971381664276123,
    2.0965757369995117,
    2.0950496196746826
  ],
  "8bp-cuda-jaxdna-no-False-0.2": [
    0.288250207901001,
    0.4922325611114502,
    0.49242591857910156,
    0.4926459789276123,
    0.49379515647888184,
    0.4940311908721924,
    0.49422311782836914,
    0.49419307708740234,
    0.49422669410705566,
    0.49422597885131836
  ],
  "8bp-cuda-jaxdna-no-True-0.2": [
    3.8863725662231445,
    4.917755603790283,
    4.917299032211304,
    4.917518138885498,
    4.917862176895142,
    4.917936563491821,
    4.917312383651733,
    4.917312145233154,
    4.917785167694092,
    4.918048620223999
  ]
}