{
  "8bp-cpu-jaxdna-no-True": [
    19.793581247329712,
    19.769102573394775,
    19.693000316619873,
    19.567190885543823,
    19.61215114593506
  ],
  "8bp-cpu-jaxdna-no-False": [
    2.9778478145599365,
    3.0367562770843506,
    2.933899164199829,
    2.849600076675415,
    2.9961800575256348
  ],
  "8bp-cpu-oxdna-no-False": [
    0.47571635246276855,
    0.47572779655456543,
    0.4479196071624756,
    0.4602229595184326,
    0.4307878017425537
  ],
  "8bp-cpu-oxdna-verlet-False": [
    0.4217045307159424,
    0.450115442276001,
    0.4224233627319336,
    0.4306905269622803,
    0.46033334732055664
  ],
  "8bp-cuda-jaxdna-no-True": [
    38.7421760559082,
    38.63970160484314,
    38.63788938522339,
    38.63481402397156,
    38.64538240432739
  ],
  "8bp-cuda-jaxdna-no-False": [
    3.5261106491088867,
    3.4862074851989746,
    3.4864964485168457,
    3.486173629760742,
    3.4867842197418213
  ],
  "8bp-cuda-oxdna-no-False": [
    2.8977854251861572,
    2.88954758644104,
    2.8899729251861572,
    2.9005682468414307,
    2.8856940269470215
  ],
  "8bp-cuda-oxdna-verlet-False": [
    NaN
  ],
  "500bp-cpu-oxdna-no-False": [
    22.50159740447998,
    22.417884349822998,
    22.574479579925537,
    22.468985557556152,
    22.278374433517456
  ],
  "500bp-cpu-oxdna-verlet-False": [
    22.39460825920105,
    22.388770818710327,
    22.582388639450073,
    22.500328540802002,
    22.31661057472229
  ],
  "500bp-cuda-jaxdna-no-False": [
    41.3327693939209,
    41.41543889045715,
    41.41406583786011,
    41.405296087265015,
    41.40772485733032
  ],
  "500bp-cuda-oxdna-no-False": [
    20.00382399559021,
    19.999945640563965,
    20.00501823425293,
    19.989803075790405,
    19.99587059020996
  ],
  "500bp-cuda-oxdna-verlet-False": [
    2.8937976360321045,
    2.948688507080078,
    2.8889200687408447,
    2.8897664546966553,
    2.9007298946380615
  ]
}