{
  "8bp-cpu-jaxdna-no-False-0.2": [
    8.770118856430054,
    0.021974694286691968
  ],
  "8bp-cpu-jaxdna-no-True-0.2": [
    53.80064654350281,
    0.3823821247896589
  ],
  "8bp-cuda-jaxdna-no-False-0.2": [
    12.329767751693726,
    0.059434854659077996
  ],
  "8bp-cuda-jaxdna-no-True-0.2": [
    122.59427490234376,
    0.32251550323872913
  ]
}