{
  "8bp-cpu-jaxdna-no-True": [
    19.687005233764648,
    0.08728456148092528
  ],
  "8bp-cpu-jaxdna-no-False": [
    2.9588566780090333,
    0.06384657844025833
  ],
  "8bp-cpu-oxdna-no-False": [
    0.45807490348815916,
    0.0171765856059019
  ],
  "8bp-cpu-oxdna-verlet-False": [
    0.4370534420013428,
    0.015509254190433199
  ],
  "8bp-cuda-jaxdna-no-True": [
    38.659992694854736,
    0.04123545930700724
  ],
  "8bp-cuda-jaxdna-no-False": [
    3.494354486465454,
    0.01587961970932494
  ],
  "8bp-cuda-oxdna-no-False": [
    2.8927136421203614,
    0.005553885736140372
  ],
  "8bp-cuda-oxdna-verlet-False": [
    NaN,
    NaN
  ],
  "500bp-cpu-oxdna-no-False": [
    22.448264265060423,
    0.09898443871747743
  ],
  "500bp-cpu-oxdna-verlet-False": [
    22.43654136657715,
    0.09355643876581266
  ],
  "500bp-cuda-jaxdna-no-False": [
    41.3950590133667,
    0.031374565315103055
  ],
  "500bp-cuda-oxdna-no-False": [
    19.998892307281494,
    0.00556242653878041
  ],
  "500bp-cuda-oxdna-verlet-False": [
    2.904380512237549,
    0.022543818112850257
  ]
}