{
  "8bp-cpu-jaxdna-no-False-0.2": [
    8.777379751205444,
    8.784841299057007,
    8.758983850479126,
    8.811845064163208,
    8.750023603439331,
    8.771954774856567,
    8.735852241516113,
    8.79632830619812,
    8.763364315032959,
    8.750615358352661
  ],
  "8bp-cpu-jaxdna-no-True-0.2": [
    53.94679021835327,
    53.51025652885437,
    54.09652304649353,
    54.15770149230957,
    54.29157996177673,
    54.141266107559204,
    53.96678853034973,
    53.287914991378784,
    53.31483602523804,
    53.292808532714844
  ],
  "8bp-cuda-jaxdna-no-False-0.2": [
    12.152240514755249,
    12.353424549102783,
    12.34393572807312,
    12.337363958358765,
    12.353009700775146,
    12.355332851409912,
    12.349671125411987,
    12.344654560089111,
    12.352810859680176,
    12.355233669281006
  ],
  "8bp-cuda-jaxdna-no-True-0.2": [
    121.62851071357727,
    122.7077522277832,
    122.70662593841553,
    122.71859574317932,
    122.66378140449524,
    122.71923661231995,
    122.68831753730774,
    122.7196877002716,
    122.67116403579712,
    122.71907711029053
  ]
}