{
  "8bp-cpu-jaxdna-no-False-0.2": [
    0.360524845123291,
    0.002851280448580414
  ],
  "8bp-cpu-jaxdna-no-True-0.2": [
    1.9618491649627685,
    0.0027918260562308094
  ],
  "8bp-cuda-jaxdna-no-False-0.2": [
    0.47898833751678466,
    0.06981504395776553
  ],
  "8bp-cuda-jaxdna-no-True-0.2": [
    4.396858549118042,
    0.1349847479031912
  ]
}